<items>
  <item Type="0x6010" Location=":housing:itemdesc" Class="Item" Name="smallstoneandplasterhousedeed" Desc="deed na maly kamienno-gipsowy domek" VendorBuysFor="57306" VendorSellsFor="458453" NumSecure="1" NumLockDowns="21"/>
  <item Type="0x6011" Location=":housing:itemdesc" Class="Item" Name="smallstonehousedeed" Desc="deed na maly kamienny domek" VendorBuysFor="45466" VendorSellsFor="363733" NumSecure="1" NumLockDowns="21"/>
  <item Type="0x6012" Location=":housing:itemdesc" Class="Item" Name="smallwoodenhousedeed" Desc="deed na maly drewniany domek" VendorBuysFor="41256" VendorSellsFor="330048" NumSecure="1" NumLockDowns="21"/>
  <item Type="0x6013" Location=":housing:itemdesc" Class="Item" Name="smallplasterhousedeed" Desc="deed na maly gipsowy domek" VendorBuysFor="43968" VendorSellsFor="351747" NumSecure="1" NumLockDowns="21"/>
  <item Type="0x6014" Location=":housing:itemdesc" Class="Item" Name="smallbrickhousedeed" Desc="deed maly domek z cegiel" VendorBuysFor="50352" VendorSellsFor="402821" NumSecure="1" NumLockDowns="21"/>
  <item Type="0x6015" Location=":housing:itemdesc" Class="Item" Name="smallwoodandstrawhousedeed" Desc="deed na maly jasny drewniany domek" VendorBuysFor="39908" VendorSellsFor="319265" NumSecure="1" NumLockDowns="21"/>
  <item Type="0x6016" Location=":housing:itemdesc" Class="Item" Name="bluetentdeed" Desc="deed na niebieski namiot" VendorBuysFor="20032" VendorSellsFor="160263" NumSecure="1" NumLockDowns="13"/>
  <item Type="0x6017" Location=":housing:itemdesc" Class="Item" Name="greententdeed" Desc="deed na zielony namiot" VendorBuysFor="20032" VendorSellsFor="160263" NumSecure="1" NumLockDowns="13"/>
  <item Type="0x6018" Location=":housing:itemdesc" Class="Item" Name="largebrickhousedeed" Desc="deed na duzy dom z cegiel" VendorBuysFor="231324" VendorSellsFor="1850594" NumSecure="4" NumLockDowns="80"/>
  <item Type="0x6019" Location=":housing:itemdesc" Class="Item" Name="twostorywoodandplasterhousedeed" Desc="deed na dwupietrowy drewniano-gipsowy dom" VendorBuysFor="187994" VendorSellsFor="1503953" NumSecure="4" NumLockDowns="94"/>
  <item Type="0x601A" Location=":housing:itemdesc" Class="Item" Name="twostorystoneandplasterhousedeed" Desc="deed na dwupietrowy kamienno-gipsowy dom" VendorBuysFor="180482" VendorSellsFor="1443862" NumSecure="4" NumLockDowns="93"/>
  <item Type="0x601B" Location=":housing:itemdesc" Class="Item" Name="towerdeed" Desc="deed na wieze" VendorBuysFor="640704" VendorSellsFor="5125634" NumSecure="11" NumLockDowns="478"/>
  <item Type="0x601C" Location=":housing:itemdesc" Class="Item" Name="keepdeed" Desc="deed na twierdze" VendorBuysFor="828981" VendorSellsFor="6631855" NumSecure="15" NumLockDowns="308"/>
  <item Type="0x601D" Location=":housing:itemdesc" Class="Item" Name="castledeed" Desc="deed na zamek" VendorBuysFor="1311975" VendorSellsFor="10495804" NumSecure="21" NumLockDowns="487"/>
  <item Type="0x601E" Location=":housing:itemdesc" Class="Item" Name="largepatiohousedeed" Desc="deed na duzy kamienny dom z tarasem" VendorBuysFor="162674" VendorSellsFor="1301397" NumSecure="4" NumLockDowns="80"/>
  <item Type="0x601F" Location=":housing:itemdesc" Class="Item" Name="smallstoneshopdeed" Desc="deed na kamienny sklep" VendorBuysFor="76119" VendorSellsFor="608955" NumSecure="1" NumLockDowns="27"/>
  <item Type="0x6020" Location=":housing:itemdesc" Class="Item" Name="smallmarbleshopdeed" Desc="deed na marmurowy sklep" VendorBuysFor="120263" VendorSellsFor="962110" NumSecure="1" NumLockDowns="27"/>
  <item Type="0x6021" Location=":housing:itemdesc" Class="Item" Name="smalltowerdeed" Desc="deed na mala wieze" VendorBuysFor="102690" VendorSellsFor="821523" NumSecure="1" NumLockDowns="38"/>
  <item Type="0x6022" Location=":housing:itemdesc" Class="Item" Name="sandstonepatiohousedeed" Desc="deed na piaskowy dom z tarasem" VendorBuysFor="83370" VendorSellsFor="666966" NumSecure="2" NumLockDowns="40"/>
  <item Type="0x6023" Location=":housing:itemdesc" Class="Item" Name="twostorylogcabindeed" Desc="deed na dwupietrowy dom z klod" VendorBuysFor="85939" VendorSellsFor="687513" NumSecure="2" NumLockDowns="46"/>
  <item Type="0x6024" Location=":housing:itemdesc" Class="Item" Name="twostoryvilladeed" Desc="deed na dwupietrowa drewniano-gipsowa wille" VendorBuysFor="124422" VendorSellsFor="995383" NumSecure="3" NumLockDowns="63"/>
  <item Type="0x6025" Location=":housing:itemdesc" Class="Item" Name="largemarblepatiohousedeed" Desc="deed na duzy marmurowy dom z tarasem" VendorBuysFor="400663" VendorSellsFor="3205305" NumSecure="4" NumLockDowns="93"/>
  <item Type="0x6026" Location=":housing:itemdesc" Class="Item" Name="towerponddeed" Desc="deed na wieze ze stawem" VendorBuysFor="290346" VendorSellsFor="2322771" NumSecure="5" NumLockDowns="113"/>
  <item Type="0x6027" Location=":housing:itemdesc" Class="Item" Name="beigetwostoryhousedeed" Desc="deed na bezowy dwupietrowy dom z tarasem" VendorBuysFor="155367" VendorSellsFor="1242942" NumSecure="4" NumLockDowns="84"/>
  <item Type="0x6028" Location=":housing:itemdesc" Class="Item" Name="stonethreestoryhousedeed" Desc="deed na kamienny trzypietrowy dom" VendorBuysFor="766892" VendorSellsFor="6135139" NumSecure="10" NumLockDowns="436"/>
  <item Type="0x6029" Location=":housing:itemdesc" Class="Item" Name="woodtwostorysmallhousedeed" Desc="deed na drewniany dwupietrowy dom" VendorBuysFor="88486" VendorSellsFor="707891" NumSecure="1" NumLockDowns="36"/>
  <item Type="0x602A" Location=":housing:itemdesc" Class="Item" Name="cabinwithtowerdeed" Desc="deed na chatka z wieza" VendorBuysFor="68158" VendorSellsFor="545270" NumSecure="1" NumLockDowns="31"/>
  <item Type="0x602B" Location=":housing:itemdesc" Class="Item" Name="rattanhousedeed" Desc="deed na dom z trzciny" VendorBuysFor="55590" VendorSellsFor="444720" NumSecure="1" NumLockDowns="34"/>
  <item Type="0x602C" Location=":housing:itemdesc" Class="Item" Name="medtowerdeed" Desc="deed na srednia wieze" VendorBuysFor="264387" VendorSellsFor="2115096" NumSecure="5" NumLockDowns="202"/>
  <item Type="0x602D" Location=":housing:itemdesc" Class="Item" Name="inndeed" Desc="deed na karczme" VendorBuysFor="588710" VendorSellsFor="4709681" NumSecure="11" NumLockDowns="223"/>
  <item Type="0x602E" Location=":housing:itemdesc" Class="Item" Name="windmilldeed" Desc="deed na mlyn" VendorBuysFor="471079" VendorSellsFor="3768638" NumSecure="11" NumLockDowns="454"/>
  <item Type="0x602F" Location=":housing:itemdesc" Class="Item" Name="luxuryvilladeed" Desc="deed na luksusowa willa" VendorBuysFor="1060880" VendorSellsFor="8487041" NumSecure="14" NumLockDowns="564"/>
  <item Type="0x6030" Location=":housing:itemdesc" Class="Item" Name="villawithgardendeed" Desc="deed na wille z ogrodem" VendorBuysFor="563810" VendorSellsFor="4510480" NumSecure="9" NumLockDowns="389"/>
  <item Type="0x6031" Location=":housing:itemdesc" Class="Item" Name="sandtwostorydeed" Desc="deed na dwupietrowy dom z piaskowca" VendorBuysFor="158416" VendorSellsFor="1267335" NumSecure="3" NumLockDowns="64"/>
  <item Type="0x6032" Location=":housing:itemdesc" Class="Item" Name="stabledeed" Desc="deed na stajnie" VendorBuysFor="188053" VendorSellsFor="1504425" NumSecure="4" NumLockDowns="92"/>
  <item Type="0x6033" Location=":housing:itemdesc" Class="Item" Name="ranchodeed" Desc="deed na rancho" VendorBuysFor="200451" VendorSellsFor="1603611" NumSecure="6" NumLockDowns="131"/>
  <item Type="0x6034" Location=":housing:itemdesc" Class="Item" Name="castlewaterdeed" Desc="deed na zamek z wodospadem" VendorBuysFor="877416" VendorSellsFor="7019334" NumSecure="20" NumLockDowns="625"/>
  <item Type="0x6035" Location=":housing:itemdesc" Class="Item" Name="necrodeed" Desc="deed na samotnie nekromanty" VendorBuysFor="409237" VendorSellsFor="3273898" NumSecure="8" NumLockDowns="165"/>
  <item Type="0x6036" Location=":housing:itemdesc" Class="Item" Name="stonetwostorywithterracedeed" Desc="deed na dwupietrowy kamienny dom z tarasem" VendorBuysFor="204797" VendorSellsFor="1638383" NumSecure="4" NumLockDowns="99"/>
  <item Type="0x6037" Location=":housing:itemdesc" Class="Item" Name="plasterhousewithtowerdeed" Desc="deed na gipsowo-drewniany dom z wieza" VendorBuysFor="528098" VendorSellsFor="4224784" NumSecure="14" NumLockDowns="625"/>
  <item Type="0x6038" Location=":housing:itemdesc" Class="Item" Name="bricktwostoryhousedeed" Desc="deed na dwupietrowy dom z cegiel" VendorBuysFor="93968" VendorSellsFor="751751" NumSecure="1" NumLockDowns="36"/>
  <item Type="0x6039" Location=":housing:itemdesc" Class="Item" Name="vamphousedeed" Desc="deed na samotnie wampira" VendorBuysFor="539495" VendorSellsFor="4315963" NumSecure="10" NumLockDowns="418"/>
  <item Type="0x603A" Location=":housing:itemdesc" Class="Item" Name="vamptowerdeed" Desc="deed na wieze wampira" VendorBuysFor="208372" VendorSellsFor="1666982" NumSecure="3" NumLockDowns="156"/>
  <item Type="0x603B" Location=":housing:itemdesc" Class="Item" Name="smallinndeed" Desc="deed na mala karczme" VendorBuysFor="304150" VendorSellsFor="2433200" NumSecure="6" NumLockDowns="272"/>
  <item Type="0x603C" Location=":housing:itemdesc" Class="Item" Name="fourtowercastledeed" Desc="deed na zamek z czterema wiezami" VendorBuysFor="1130519" VendorSellsFor="9044158" NumSecure="21" NumLockDowns="625"/>
  <item Type="0x603D" Location=":housing:itemdesc" Class="Item" Name="smallplastertwostoryhousedeed" Desc="deed na maly gipsowy dwupietrowy domek" VendorBuysFor="55656" VendorSellsFor="445249" NumSecure="1" NumLockDowns="29"/>
  <item Type="0x603E" Location=":housing:itemdesc" Class="Item" Name="sandhousedeed" Desc="deed na piaskowy dom" VendorBuysFor="114218" VendorSellsFor="913746" NumSecure="3" NumLockDowns="73"/>
  <item Type="0x603F" Location=":housing:itemdesc" Class="Item" Name="woodhousefencedeed" Desc="deed na drewniany dom z ogrodzeniem" VendorBuysFor="349364" VendorSellsFor="2794916" NumSecure="13" NumLockDowns="267"/>
  <item Type="0x6040" Location=":housing:itemdesc" Class="Item" Name="treehousedeed" Desc="deed na dom na drzewie" VendorBuysFor="114786" VendorSellsFor="918294" NumSecure="3" NumLockDowns="140"/>
  <item Type="0x6041" Location=":housing:itemdesc" Class="Item" Name="noblemanmanordeed" Desc="deed na dworek szlachcica" VendorBuysFor="1090988" VendorSellsFor="8727907" NumSecure="17" NumLockDowns="351"/>
  <item Type="0x6042" Location=":housing:itemdesc" Class="Item" Name="keepwithmoatdeed" Desc="deed na twierdze z fosa" VendorBuysFor="1051511" VendorSellsFor="8412091" NumSecure="21" NumLockDowns="625"/>
  <item Type="0x6043" Location=":housing:itemdesc" Class="Item" Name="plastersandtwostoryhousedeed" Desc="deed na gipsowo-piaskowy dwupietrowy dom" VendorBuysFor="481881" VendorSellsFor="3855052" NumSecure="7" NumLockDowns="158"/>
  <item Type="0x6044" Location=":housing:itemdesc" Class="Item" Name="stonecastledeed" Desc="deed na kamienny zamek" VendorBuysFor="726813" VendorSellsFor="5814510" NumSecure="14" NumLockDowns="568"/>
  <item Type="0x6045" Location=":housing:itemdesc" Class="Item" Name="fortressdeed" Desc="deed na fortece" VendorBuysFor="1195124" VendorSellsFor="9560999" NumSecure="21" NumLockDowns="625"/>
  <item Type="0x6046" Location=":housing:itemdesc" Class="Item" Name="foresthousedeed" Desc="deed na lesniczowke" VendorBuysFor="105728" VendorSellsFor="845826" NumSecure="3" NumLockDowns="64"/>
  <item Type="0x6047" Location=":housing:itemdesc" Class="Item" Name="magetowerdeed" Desc="deed na wieze maga" VendorBuysFor="330295" VendorSellsFor="2642362" NumSecure="6" NumLockDowns="130"/>
  <item Type="0x6048" Location=":housing:itemdesc" Class="Item" Name="marbletowerdeed" Desc="deed na marmurowa wieze" VendorBuysFor="143438" VendorSellsFor="1147506" NumSecure="1" NumLockDowns="37"/>
  <item Type="0x6049" Location=":housing:itemdesc" Class="Item" Name="monasterydeed" Desc="deed na klasztor" VendorBuysFor="434272" VendorSellsFor="3474178" NumSecure="7" NumLockDowns="298"/>
  <item Type="0x604A" Location=":housing:itemdesc" Class="Item" Name="twotowersdeed" Desc="deed na dwie wieze" VendorBuysFor="268800" VendorSellsFor="2150400" NumSecure="5" NumLockDowns="101"/>
  <item Type="0x604B" Location=":housing:itemdesc" Class="Item" Name="housewithporchdeed" Desc="deed na dom z gankiem" VendorBuysFor="304687" VendorSellsFor="2437496" NumSecure="5" NumLockDowns="109"/>
  <item Type="0x604C" Location=":housing:itemdesc" Class="Item" Name="bamboohousedeed" Desc="deed na bambusowa chate" VendorBuysFor="167370" VendorSellsFor="1338965" NumSecure="4" NumLockDowns="89"/>
  <item Type="0x604D" Location=":housing:itemdesc" Class="Item" Name="samuraipagodadeed" Desc="deed na pagode samuraja" VendorBuysFor="365565" VendorSellsFor="2924526" NumSecure="8" NumLockDowns="320"/>
  <item Type="0x604E" Location=":housing:itemdesc" Class="Item" Name="twostorystonebalcondeed" Desc="deed na dwupietrowy kamienny dom z balkonem" VendorBuysFor="127074" VendorSellsFor="1016597" NumSecure="2" NumLockDowns="54"/>
  <item Type="0x604F" Location=":housing:itemdesc" Class="Item" Name="twostorystonehousedeed" Desc="deed na dwupietrowy kamienny dom" VendorBuysFor="149612" VendorSellsFor="1196900" NumSecure="2" NumLockDowns="51"/>
  <item Type="0x6050" Location=":housing:itemdesc" Class="Item" Name="sandruinedmanordeed" Desc="deed na podniszczony piaskowy dworek" VendorBuysFor="497029" VendorSellsFor="3976234" NumSecure="10" NumLockDowns="213"/>
  <item Type="0x6051" Location=":housing:itemdesc" Class="Item" Name="housewithfenceterracedeed" Desc="deed na ogrodzony dom z tarasem" VendorBuysFor="147376" VendorSellsFor="1179008" NumSecure="4" NumLockDowns="91"/>
  <item Type="0x6052" Location=":housing:itemdesc" Class="Item" Name="housewithtowerdeed" Desc="deed na dom z wieza" VendorBuysFor="421509" VendorSellsFor="3372075" NumSecure="9" NumLockDowns="376"/>
  <item Type="0x6053" Location=":housing:itemdesc" Class="Item" Name="housewithterracedeed" Desc="deed na dom z tarasem" VendorBuysFor="200218" VendorSellsFor="1601750" NumSecure="3" NumLockDowns="72"/>
  <item Type="0x6054" Location=":housing:itemdesc" Class="Item" Name="elfhousedeed" Desc="deed na elfi dom" VendorBuysFor="412992" VendorSellsFor="3303939" NumSecure="5" NumLockDowns="117"/>
  <item Type="0x6055" Location=":housing:itemdesc" Class="Item" Name="sandvilladeed" Desc="deed na piaskowa wille" VendorBuysFor="252925" VendorSellsFor="2023402" NumSecure="7" NumLockDowns="155"/>
  <item Type="0x6056" Location=":housing:itemdesc" Class="Item" Name="villawithterracesdeed" Desc="deed na wille z tarasami" VendorBuysFor="258061" VendorSellsFor="2064488" NumSecure="5" NumLockDowns="119"/>
  <item Type="0x6057" Location=":housing:itemdesc" Class="Item" Name="marblehousedeed" Desc="deed na marmurowy dom" VendorBuysFor="240290" VendorSellsFor="1922321" NumSecure="3" NumLockDowns="64"/>
  <item Type="0x6058" Location=":housing:itemdesc" Class="Item" Name="darkknighthousedeed" Desc="deed na fortece mrocznego rycerza" VendorBuysFor="554529" VendorSellsFor="4436234" NumSecure="11" NumLockDowns="238"/>
  <item Type="0x6059" Location=":housing:itemdesc" Class="Item" Name="necrotowerdeed" Desc="deed na wieze nekromanty" VendorBuysFor="104955" VendorSellsFor="839644" NumSecure="2" NumLockDowns="49"/>
  <item Type="0x605A" Location=":housing:itemdesc" Class="Item" Name="hugebrickhousedeed" Desc="deed na ogromny dom z cegiel" VendorBuysFor="292979" VendorSellsFor="2343835" NumSecure="6" NumLockDowns="124"/>
  <item Type="0x605B" Location=":housing:itemdesc" Class="Item" Name="plasterhousewithterracedeed" Desc="deed na gipsowy dom z tarasem" VendorBuysFor="194271" VendorSellsFor="1554172" NumSecure="4" NumLockDowns="88"/>
  <item Type="0x605C" Location=":housing:itemdesc" Class="Item" Name="foresthiddeed" Desc="deed na lesna kryjowka" VendorBuysFor="321990" VendorSellsFor="2575926" NumSecure="10" NumLockDowns="207"/>
  <item Type="0x605D" Location=":housing:itemdesc" Class="Item" Name="plasterhousewithbalconydeed" Desc="deed na gipsowy dom z balkonem" VendorBuysFor="157363" VendorSellsFor="1258910" NumSecure="3" NumLockDowns="66"/>
  <item Type="0x605E" Location=":housing:itemdesc" Class="Item" Name="vinerydeed" Desc="deed na winiarnie" VendorBuysFor="421789" VendorSellsFor="3374318" NumSecure="10" NumLockDowns="625"/>
  <item Type="0x605F" Location=":housing:itemdesc" Class="Item" Name="barbhousedeed" Desc="deed na dom barbarzyncy" VendorBuysFor="122711" VendorSellsFor="981695" NumSecure="3" NumLockDowns="76"/>
  <item Type="0x6060" Location=":housing:itemdesc" Class="Item" Name="chapeldeed" Desc="deed na kaplice" VendorBuysFor="292975" VendorSellsFor="2343802" NumSecure="5" NumLockDowns="114"/>
  <item Type="0x6061" Location=":housing:itemdesc" Class="Item" Name="wolfhousedeed" Desc="deed na samotnie wilkolaka" VendorBuysFor="218134" VendorSellsFor="1745078" NumSecure="7" NumLockDowns="146"/>
  <item Type="0x6062" Location=":housing:itemdesc" Class="Item" Name="stonethreestorywithbalcondeed" Desc="deed na kamienny trzypietrowy dom z balkonem" VendorBuysFor="247697" VendorSellsFor="1981580" NumSecure="4" NumLockDowns="89"/>
  <item Type="0x6063" Location=":housing:itemdesc" Class="Item" Name="academydeed" Desc="deed na akademie" VendorBuysFor="856216" VendorSellsFor="6849734" NumSecure="11" NumLockDowns="465"/>
  <item Type="0x6064" Location=":housing:itemdesc" Class="Item" Name="vampmanordeed" Desc="deed na dworek wampira" VendorBuysFor="504606" VendorSellsFor="4036849" NumSecure="9" NumLockDowns="190"/>
  <item Type="0x6065" Location=":housing:itemdesc" Class="Item" Name="darkcastledeed" Desc="deed na mroczny zamek" VendorBuysFor="923642" VendorSellsFor="7389138" NumSecure="15" NumLockDowns="603"/>
  <item Type="0x6066" Location=":housing:itemdesc" Class="Item" Name="smallchapeldeed" Desc="deed na mala kaplice" VendorBuysFor="180606" VendorSellsFor="1444850" NumSecure="2" NumLockDowns="58"/>
  <item Type="0x6067" Location=":housing:itemdesc" Class="Item" Name="scarymansiondeed" Desc="deed na straszny dwor" VendorBuysFor="219210" VendorSellsFor="1753681" NumSecure="7" NumLockDowns="147"/>
  <item Type="0x6068" Location=":housing:itemdesc" Class="Item" Name="druidhousedeed" Desc="deed na dom druida" VendorBuysFor="132404" VendorSellsFor="1059232" NumSecure="4" NumLockDowns="81"/>
  <item Type="0x6069" Location=":housing:itemdesc" Class="Item" Name="demonicthreestoryhousedeed" Desc="deed na demoniczny trzy pietrowy dom" VendorBuysFor="331392" VendorSellsFor="2651142" NumSecure="6" NumLockDowns="247"/>
  <item Type="0x606A" Location=":housing:itemdesc" Class="Item" Name="demonicmarblethreestoryhousedeed" Desc="deed na demoniczny marmurowy trzy pietrowy dom" VendorBuysFor="402060" VendorSellsFor="3216481" NumSecure="4" NumLockDowns="98"/>
  <item Type="0x606B" Location=":housing:itemdesc" Class="Item" Name="sandoasisdeed" Desc="deed na piaskowa oaze" VendorBuysFor="149542" VendorSellsFor="1196338" NumSecure="4" NumLockDowns="82"/>
  <item Type="0x606C" Location=":housing:itemdesc" Class="Item" Name="fishermanhousedeed" Desc="deed na chate rybaka" VendorBuysFor="97303" VendorSellsFor="778428" NumSecure="2" NumLockDowns="58"/>
  <item Type="0x606D" Location=":housing:itemdesc" Class="Item" Name="elvenmarblethreestoryhousedeed" Desc="deed na trzy pietrowy marmurowy elficki dom" VendorBuysFor="418171" VendorSellsFor="3345371" NumSecure="5" NumLockDowns="100"/>
  <item Type="0x606E" Location=":housing:itemdesc" Class="Item" Name="smalltwostorymarblehousedeed" Desc="deed na maly kamienny dwu pietrowy dom z balkonem" VendorBuysFor="119916" VendorSellsFor="959331" NumSecure="1" NumLockDowns="36"/>
  <item Type="0x606F" Location=":housing:itemdesc" Class="Item" Name="threestorymarblehousewithbaclonydeed" Desc="deed na marmurowy trzy pietrowy dom z balkonem" VendorBuysFor="334255" VendorSellsFor="2674047" NumSecure="3" NumLockDowns="76"/>
  <item Type="0x6070" Location=":housing:itemdesc" Class="Item" Name="smithyhousedeed" Desc="deed na kuznie" VendorBuysFor="117541" VendorSellsFor="940331" NumSecure="2" NumLockDowns="47"/>
  <item Type="0x6071" Location=":housing:itemdesc" Class="Item" Name="strongholddeed" Desc="deed na warownie" VendorBuysFor="678452" VendorSellsFor="5427620" NumSecure="10" NumLockDowns="207"/>
  <item Type="0x6072" Location=":housing:itemdesc" Class="Item" Name="mausoleumdeed" Desc="deed na mauzoleum" VendorBuysFor="656755" VendorSellsFor="5254047" NumSecure="13" NumLockDowns="530"/>
  <item Type="0x6073" Location=":housing:itemdesc" Class="Item" Name="hidshadowhousedeed" Desc="deed na kryjowke cienia" VendorBuysFor="540597" VendorSellsFor="4324777" NumSecure="11" NumLockDowns="477"/>
  <item Type="0x6074" Location=":housing:itemdesc" Class="Item" Name="elvenpalacedeed" Desc="deed na elfi palac" VendorBuysFor="914604" VendorSellsFor="7316838" NumSecure="12" NumLockDowns="249"/>
  <item Type="0x6075" Location=":housing:itemdesc" Class="Item" Name="darkwoodplasterhousewithbalconydeed" Desc="deed na ciemno drewniano-gipsowy dom z balkonem" VendorBuysFor="241604" VendorSellsFor="1932832" NumSecure="6" NumLockDowns="130"/>
  <item Type="0x6076" Location=":housing:itemdesc" Class="Item" Name="vampirejaildeed" Desc="deed na wiezienie wampira" VendorBuysFor="168494" VendorSellsFor="1347959" NumSecure="3" NumLockDowns="122"/>
  <item Type="0x6077" Location=":housing:itemdesc" Class="Item" Name="vampirecastledeed" Desc="deed na zamczysko wampira" VendorBuysFor="601072" VendorSellsFor="4808583" NumSecure="14" NumLockDowns="575"/>
  <item Type="0x6078" Location=":housing:itemdesc" Class="Item" Name="stonehousewithfencedeed" Desc="deed na kamienna posade z zagroda" VendorBuysFor="306778" VendorSellsFor="2454225" NumSecure="5" NumLockDowns="113"/>
  <item Type="0x607B" Location=":housing:itemdesc" Class="Item" Name="elfhousewithgardendeed" Desc="deed na elfi dom z ogrodem" VendorBuysFor="473950" VendorSellsFor="3791605" NumSecure="7" NumLockDowns="141"/>
  <item Type="0x607C" Location=":housing:itemdesc" Class="Item" Name="bigforesterhousedeed" Desc="deed na duza lesniczowke z zagroda" VendorBuysFor="150712" VendorSellsFor="1205696" NumSecure="4" NumLockDowns="93"/>
  <item Type="0x607D" Location=":housing:itemdesc" Class="Item" Name="smallkeepwithwaterfalldeed" Desc="deed na mala twierdze z wodospadem" VendorBuysFor="371776" VendorSellsFor="2974209" NumSecure="7" NumLockDowns="153"/>
  <item Type="0x607E" Location=":housing:itemdesc" Class="Item" Name="marblesandresidencydeed" Desc="deed na marmurowo-piaskowa rezydencje" VendorBuysFor="606177" VendorSellsFor="4849417" NumSecure="11" NumLockDowns="235"/>
  <item Type="0x607F" Location=":housing:itemdesc" Class="Item" Name="smallhousedeed" Desc="deed na maly dom" VendorBuysFor="142619" VendorSellsFor="1140953" NumSecure="2" NumLockDowns="58"/>
  <item Type="0x6080" Location=":housing:itemdesc" Class="Item" Name="garrisondeed" Desc="deed na garnizon" VendorBuysFor="374835" VendorSellsFor="2998685" NumSecure="8" NumLockDowns="172"/>
  <item Type="0x6081" Location=":housing:itemdesc" Class="Item" Name="woodenhousewitharbourdeed" Desc="deed na drewniany dom z altana" VendorBuysFor="108531" VendorSellsFor="868250" NumSecure="2" NumLockDowns="51"/>
  <item Type="0x6082" Location=":housing:itemdesc" Class="Item" Name="samuraisnugdeed" Desc="deed na zacisze samuraja" VendorBuysFor="316338" VendorSellsFor="2530705" NumSecure="9" NumLockDowns="360"/>
  <item Type="0x6083" Location=":housing:itemdesc" Class="Item" Name="elftwinhousedeed" Desc="deed na elfi blizniaczy dom" VendorBuysFor="745126" VendorSellsFor="5961010" NumSecure="9" NumLockDowns="181"/>
  <item Type="0x6084" Location=":housing:itemdesc" Class="Item" Name="storyhousewithbloomingterracedeed" Desc="deed na pietrowy dom z kwitnacym tarasem" VendorBuysFor="234369" VendorSellsFor="1874959" NumSecure="6" NumLockDowns="122"/>
  <item Type="0x6085" Location=":housing:itemdesc" Class="Item" Name="smallstrongholddeed" Desc="deed na mala warownie" VendorBuysFor="360026" VendorSellsFor="2880213" NumSecure="7" NumLockDowns="143"/>
  <item Type="0x6086" Location=":housing:itemdesc" Class="Item" Name="demonologcastledeed" Desc="deed na zamek demonologa" VendorBuysFor="835464" VendorSellsFor="6683712" NumSecure="18" NumLockDowns="625"/>
  <item Type="0x6087" Location=":housing:itemdesc" Class="Item" Name="darkhouseonrockdeed" Desc="deed na mroczny dom na skale" VendorBuysFor="401672" VendorSellsFor="3213381" NumSecure="7" NumLockDowns="159"/>
  <item Type="0x6088" Location=":housing:itemdesc" Class="Item" Name="smallthreecolouredhousedeed" Desc="deed na niewielki trojkolorowy dom" VendorBuysFor="187263" VendorSellsFor="1498105" NumSecure="4" NumLockDowns="89"/>
  <item Type="0x6089" Location=":housing:itemdesc" Class="Item" Name="smallpossessiondeed" Desc="deed na mala posiadlosc" VendorBuysFor="242888" VendorSellsFor="1943106" NumSecure="4" NumLockDowns="95"/>
</items>
